id,name,host_id,host_name,neighbour_hood_info,latitude,longitude,room_type,price,minimum_nights,number_of_reviews,last_review,reviews_per_month,calculated_host_listings_count,availability_365
179670,High-end doorman bldg in the LES,21475,Milan,"Manhattan,Lower East Side",40.72019,-73.98217,Private room,120,2,99,6/27/2019,1.04,1,345
179741,Spring & Mulberry 2 Bedroom Apartment,314941,Tony,"Manhattan,Nolita",40.72133,-73.99666,Entire home/apt,300,1,6,6/28/2019,0.06,3,115
180507,Ultra Modern NYC Garden Apartment,864735,Jason,"Queens,Astoria",40.75744,-73.92163,Entire home/apt,107,30,21,12/1/2018,0.22,8,200
180792,Modern Garden Apartment in NYC,864735,Jason,"Queens,Astoria",40.75695,-73.9202,Entire home/apt,95,30,24,4/4/2019,0.26,8,271
181972,Gorgeous Entire Manhattan Townhouse,872121,Rosario,"Manhattan,Harlem",40.8296,-73.94651,Entire home/apt,199,2,111,6/2/2019,1.17,1,12
182069,Cozy studio Apartment in Upper East,39260,Mat,"Manhattan,East Harlem",40.79056,-73.9468,Entire home/apt,120,2,86,6/20/2019,0.91,1,268
182095,Historic classic central cozy Village clean NYU,872805,Mike,"Manhattan,West Village",40.73631,-73.99977,Entire home/apt,199,15,66,4/29/2019,0.69,2,89
182177,A PRIVATE FLAT / APARTMENT- $SPECIAL$,873273,Christian & Carla,"Bronx,Allerton",40.86466,-73.85709,Entire home/apt,125,2,271,6/20/2019,2.84,2,347
182649,Williamsburg bedroom by Bedford Ave,876054,Obed,"Brooklyn,Williamsburg",40.71312,-73.96199,Private room,70,2,227,6/18/2019,2.4,1,37
185266,Clean and bright with a comfortable atmosphere,889106,Lisa,"Brooklyn,Williamsburg",40.71297,-73.94336,Private room,75,4,80,7/6/2019,1.55,1,0
187488,WEST VILLAGE LRG CLEAN SUNNY PRIVATE BDRM,871727,Village,"Manhattan,West Village",40.73712,-74.00166,Private room,100,30,5,12/3/2018,0.07,1,359
187566,Historic Brooklyn Studio Apartment,279078,Andrew & Markus,"Brooklyn,Bedford-Stuyvesant",40.69242,-73.95097,Entire home/apt,99,2,187,6/10/2019,1.97,2,287
187986,Comfort at Crossroads of Downtown,904833,Daniel,"Manhattan,Chelsea",40.73862,-73.99758,Entire home/apt,250,1,2,8/28/2015,0.02,1,0
188146,"""The Oasis"" on Bedford Williamsburg",906200,Mariana,"Brooklyn,Williamsburg",40.7158,-73.95803,Entire home/apt,350,6,1,1/1/2016,0.02,1,233
188661,"Large, sunny garden apartment.",909146,Mj,"Brooklyn,Prospect Heights",40.68262,-73.97299,Entire home/apt,170,3,67,10/20/2018,0.7,1,129
188674,UNION SQUARE/ E. VILL 1BR BEAUTIFUL,909234,Leslie,"Manhattan,East Village",40.73217,-73.98801,Entire home/apt,165,1,63,1/12/2018,0.68,1,0
189135,Hell's Kitchen Funky 80's Hideaway!,179020,Michael,"Manhattan,Hell's Kitchen",40.76311,-73.99388,Private room,99,1,89,7/1/2019,1,1,353
189181,Room in Chic Modern High Line Luxury- New!,912541,David,"Manhattan,Chelsea",40.74695,-74.00454,Private room,255,4,1,4/20/2014,0.02,1,365
189732,Family & Friends in New York City,489400,O'Dell,"Brooklyn,East New York",40.67497,-73.87305,Entire home/apt,169,3,177,6/29/2019,1.86,1,297
189787,Spacious & Comfy BK Brownstone,915640,Sundiata,"Brooklyn,Crown Heights",40.66788,-73.94813,Entire home/apt,99,4,90,6/30/2019,0.94,1,56
190267,Large Luxury Upper East Side Studio,918866,Marina,"Manhattan,Upper East Side",40.76684,-73.95944,Entire home/apt,169,7,39,7/7/2019,0.41,1,44
190542,Chateau Style Brooklyn Loft for Singles or Couples,920542,Farrah,"Brooklyn,Bedford-Stuyvesant",40.68967,-73.95445,Entire home/apt,160,3,42,5/18/2019,0.44,1,355
190968,Lovely Brooklyn Brownstone 1BR!,922922,Karen,"Brooklyn,Prospect Heights",40.67946,-73.96501,Entire home/apt,215,3,33,5/8/2019,0.35,1,156
190974,Beautiful Grdn. Apt. in Park Slope,874471,Alan,"Brooklyn,Park Slope",40.66944,-73.98083,Entire home/apt,130,3,179,5/29/2019,2.02,1,273
191075,Sun-drenched East Village Penthouse,923915,Matthew,"Manhattan,East Village",40.72566,-73.97748,Private room,110,3,81,3/28/2019,0.85,2,274
193105,Columbus Circle Luxury Bldg - Private Room&Bath,936114,Marcela,"Manhattan,Hell's Kitchen",40.7709,-73.99181,Private room,150,28,43,6/29/2019,0.45,2,258
193333,Bright Private Bedroom in Williamsburg (Bedford L),302936,Melody,"Brooklyn,Williamsburg",40.71943,-73.95958,Private room,65,30,52,10/31/2018,0.54,1,276
193393,"Spacious, Kid-Friendly, and 15-20 Mins. to Midtown",938056,Mike,"Queens,Sunnyside",40.74249,-73.92466,Private room,75,2,160,6/25/2019,1.68,1,65
193853,Quiet Chelsea Studio w/Charm,48599,Anastasia,"Manhattan,Chelsea",40.74033,-74.00024,Entire home/apt,149,6,23,5/21/2018,0.27,2,0
194154,Large Room Overlooking Central Park,936830,Elina,"Manhattan,Upper West Side",40.7969,-73.96128,Private room,89,6,35,6/18/2017,0.37,1,180
195123,"Cheerful, comfortable room",940724,Susan,"Manhattan,Washington Heights",40.83403,-73.94553,Private room,50,1,225,6/12/2019,2.35,1,343
195233,Hospitality on Propsect Pk-12 yrs Hosting Legally!,949221,Dennis,"Brooklyn,Prospect-Lefferts Gardens",40.65513,-73.95641,Private room,43,1,401,7/4/2019,6.62,2,43
195240,"Prospect Pk*NYC in 5 stops* Cozy,Clean & Legal!",949221,Dennis,"Brooklyn,Prospect-Lefferts Gardens",40.65589,-73.95539,Private room,42,1,72,6/17/2019,0.84,2,96
195578,Loft Style Apt in Williamsburg,304493,Erika,"Brooklyn,Williamsburg",40.70275,-73.94501,Private room,85,1,46,12/30/2018,0.97,1,59
195971,2 Beds over Bed-Stuy,953279,Tim,"Brooklyn,Bedford-Stuyvesant",40.68897,-73.93569,Entire home/apt,139,3,83,6/23/2019,1.19,1,255
195989,"Sunny, Large, Park Slope Bedroom",611716,Elizabeth,"Brooklyn,Park Slope",40.67617,-73.98136,Private room,105,1,211,6/15/2019,2.21,2,252
196010,Huge Bklyn Loft w Private Roofdeck,953565,Vanessa,"Brooklyn,Park Slope",40.67595,-73.98053,Entire home/apt,265,5,15,6/14/2015,0.16,1,0
197155,Quiet Jr Alcove Near Times Square!,960836,Vlad,"Manhattan,Hell's Kitchen",40.76415,-73.99067,Entire home/apt,149,1,122,6/23/2019,1.29,1,20
197753,Large room in elevator drman bldg,964482,Colin,"Manhattan,Harlem",40.83127,-73.94718,Private room,68,2,295,6/12/2019,3.9,2,188
197942,"Comfy, Cozy, Brooklyn close to Manhattan",289135,Toni,"Brooklyn,Bedford-Stuyvesant",40.68497,-73.95592,Entire home/apt,99,3,207,7/7/2019,2.18,1,304
199195,Modern Bedroom in Hamilton Heights,971075,Jabari,"Manhattan,Harlem",40.82922,-73.94174,Private room,75,3,50,3/30/2019,0.65,2,38
199312,Sunny Space in Williamsburg,973438,Susanne,"Brooklyn,Williamsburg",40.71137,-73.94362,Private room,100,2,273,6/24/2019,2.85,1,254
200645,Best Manhattan Studio Deal!   ,933378,Edo,"Manhattan,Upper East Side",40.76739,-73.9557,Shared room,90,1,0,,,1,0
200955,STYLISH EAST VILLAGE FLAT,568325,Simone,"Manhattan,East Village",40.73089,-73.98195,Entire home/apt,160,30,25,4/30/2018,0.26,1,46
201992,Serene Park Slope Garden Apartment,988350,Andrea,"Brooklyn,Park Slope",40.6755,-73.97859,Entire home/apt,190,4,105,5/11/2019,1.62,1,328
202273,Cozy and spacious - rare for NYC!,918087,Kestrel,"Brooklyn,Bedford-Stuyvesant",40.68812,-73.94934,Private room,67,4,72,12/26/2016,0.76,3,0
203901,Beautiful UES apartment,1000477,Elizabeth,"Manhattan,Upper East Side",40.7694,-73.9572,Entire home/apt,190,1,8,9/18/2016,0.08,1,0
204065,St. James Pl Garden Studio 1block to PRATT &Gtrain,51038,Erica,"Brooklyn,Clinton Hill",40.68634,-73.96161,Entire home/apt,248,2,58,6/4/2019,0.61,6,199
204833,"Great, spacious apt in Williamsburg",903686,Melanie,"Brooklyn,Williamsburg",40.7093,-73.9497,Private room,100,6,8,9/17/2015,0.09,1,249
204959,Comfortable. Spacious. Private Room.,464506,Ange,"Manhattan,Chinatown",40.713,-73.99752,Private room,95,3,172,7/2/2019,1.84,2,64
205043,Modern Condo in Midtown,1007558,Welcome To My Place,"Manhattan,Theater District",40.75895,-73.9883,Private room,150,1,330,6/20/2019,7.14,1,111
205485,Ideal Brooklyn Brownstone Apartment,1010242,Zora & Chris,"Brooklyn,Bedford-Stuyvesant",40.68186,-73.94113,Entire home/apt,145,3,123,6/11/2019,1.29,1,287
205735,"A Cozy Oasis in Bushwick, NY",1011426,Danielle,"Brooklyn,Bushwick",40.68364,-73.91076,Private room,41,2,55,4/30/2019,0.59,1,286
205867,Private Entrance - Private Parking,1012691,Tiffaney,"Brooklyn,Williamsburg",40.71893,-73.9428,Entire home/apt,120,4,87,7/3/2019,0.99,1,263
206071,Yankee Stadium Oasis 2 stops to Manhattan!,12221,Lori,"Bronx,Concourse Village",40.82802,-73.92039,Private room,50,3,258,6/25/2019,2.7,2,276
206316,"Sunny, Spacious Studio in Ft.Greene",1014639,Brett,"Brooklyn,Fort Greene",40.68765,-73.97073,Entire home/apt,157,2,4,8/27/2018,0.18,1,0
206772,Williamsburg Exposed Brick Loft,1017473,Evan,"Brooklyn,Williamsburg",40.71413,-73.96596,Entire home/apt,195,14,31,5/26/2019,0.33,1,263
206957,Bright Modern Charming Housebarge,1018472,Angus,"Brooklyn,Sheepshead Bay",40.58422,-73.94079,Entire home/apt,70,4,128,11/15/2016,1.34,2,90
208148,Central Bedford Avenue Apartment,1024355,Martina,"Brooklyn,Williamsburg",40.71973,-73.95582,Entire home/apt,185,3,14,8/31/2015,0.15,1,0
208889,Welcome to Brooklyn! Bed-Stuy,1029021,Jameelah,"Brooklyn,Bedford-Stuyvesant",40.69025,-73.93323,Entire home/apt,145,3,30,6/24/2019,0.32,3,11
209310,Sunnyside NYC/ AC room/ city views/ near Midtown,1031148,Iulia,"Queens,Sunnyside",40.73826,-73.92458,Private room,50,28,258,5/28/2019,2.9,1,287
211078,Greenpoint Waterfront Loft,306739,Maya,"Brooklyn,Greenpoint",40.73049,-73.96115,Entire home/apt,185,3,228,4/25/2018,2.39,3,1
211974,East Village House -- Unique!,272730,Goldi,"Manhattan,East Village",40.72956,-73.97903,Entire home/apt,250,1,60,7/1/2019,0.65,1,0
212109,2-bedroom share in heart of Greenwich Village!,666271,Susan,"Manhattan,West Village",40.73854,-74.00821,Private room,80,90,9,6/30/2019,0.2,1,338
212178,1 Bedroom Pre War apt,1094178,Jeremy,"Manhattan,Theater District",40.75877,-73.98863,Entire home/apt,230,2,179,6/19/2019,1.88,1,44
212544,Quiet One Bedroom in Park Slope,1096084,Daniel,"Brooklyn,Gowanus",40.67688,-73.9859,Entire home/apt,100,7,9,6/23/2016,0.1,1,0
213272,CreaTive Live-In Artspace/Birdsnest,293130,Meli,"Brooklyn,Bushwick",40.70051,-73.92204,Private room,40,1,1,4/21/2019,0.37,1,5
213330,RARE Penthouse Oasis featured on DesignSponge,800223,Nader,"Manhattan,Lower East Side",40.71712,-73.98898,Private room,200,30,25,8/29/2018,0.49,1,0
214917,New Clean Spacious Bed & Breakfast,1109658,Carmel,"Staten Island,Emerson Hill",40.60742,-74.14388,Private room,80,2,2,2/8/2018,0.05,1,158
215560,"Sunny, calm room in Victorian home",1112560,Mary,"Brooklyn,Bedford-Stuyvesant",40.68741,-73.95741,Private room,79,3,152,6/25/2019,1.6,3,192
215784,Modern Unique Studio in NYC,864735,Jason,"Queens,Long Island City",40.75627,-73.9211,Entire home/apt,95,30,24,3/31/2019,0.25,8,358
215907,"2 Bed, 2 Bath Apartment on Central Park West",1114587,Keenan & Emily,"Manhattan,Upper West Side",40.79816,-73.9619,Entire home/apt,300,2,45,4/22/2019,0.47,3,31
217580,"Luxury Furnished 1 bedro, Bay Ridge",1121193,Samuel,"Brooklyn,Fort Hamilton",40.61927,-74.0307,Entire home/apt,100,30,7,11/14/2018,0.08,1,241
218358,Your Haven in the Upper West Side,1129218,Orlando,"Manhattan,Harlem",40.8078,-73.95208,Private room,80,7,19,6/3/2019,0.35,1,285
219066,"Wonderful Studio In Brooklyn, NY!!!",447754,Yana,"Brooklyn,Bensonhurst",40.61922,-73.99399,Entire home/apt,110,1,24,1/19/2019,0.26,1,183
219482,A Cozy Brooklyn Hideaway,759583,Pepe,"Brooklyn,Clinton Hill",40.68275,-73.96148,Entire home/apt,172,4,8,10/14/2017,0.09,2,189
219793,âœ¿âœ¿âœ¿ COUNTRY COTTAGE IN THE CITYâœ¿âœ¿âœ¿,1138692,Keera (Jena),"Manhattan,Lower East Side",40.71813,-73.98416,Entire home/apt,199,1,29,6/3/2015,0.31,2,162
219818,âœ¿âœ¿âœ¿ COUNTRY COTTAGE IN THE CITYâœ¿âœ¿âœ¿,1138692,Keera (Jena),"Manhattan,Lower East Side",40.71892,-73.98401,Entire home/apt,199,1,14,7/20/2015,0.15,2,158
219922,"Lovely Bdr in Harlem, Manhattan",1139574,Carmel,"Manhattan,Harlem",40.816,-73.95545,Private room,100,1,33,5/25/2019,0.38,1,84
220351,THE BEST DEAL ON THE HUDSON RIVER!!,921500,Boubacar And Pattee,"Manhattan,Harlem",40.82748,-73.95153,Private room,55,4,99,2/28/2019,1.04,1,260
220563,Lovely HUGE Master Bed + Study,918087,Kestrel,"Brooklyn,Bedford-Stuyvesant",40.68634,-73.95088,Private room,75,3,59,1/5/2017,0.62,3,0
220946,Newly Renoâ€™d Chic Quiet Exec 1BR,1144415,Lisa,"Manhattan,East Village",40.72229,-73.97901,Entire home/apt,146,3,142,6/16/2019,1.5,1,166
221043,1 Bedroom in prime Flatiron,846050,Eziah,"Manhattan,NoHo",40.72956,-73.99287,Private room,250,2,0,,,1,0
221097,Large Artist Floorthru- Greenpoint,1146744,Deborah,"Brooklyn,Greenpoint",40.72595,-73.95298,Entire home/apt,116,29,22,3/15/2019,0.23,1,335
221618,Gorgeous PermaGO Private Room in FiDi - 1/2,4887492,Gershwyn,"Manhattan,Tribeca",40.71193,-74.00817,Private room,150,3,82,5/21/2019,0.87,2,90
222054,CBG Helps Haiti Rm #3,22486,Lisel,"Brooklyn,Park Slope",40.68012,-73.97847,Private room,120,2,23,9/15/2018,0.24,6,342
222304,BEST DEAL IN CHELSEA 1 bdrm NYC,1153993,Anton,"Manhattan,Chelsea",40.74233,-73.99865,Entire home/apt,199,4,32,5/8/2019,0.34,1,28
223930,Lovely Apartment,1164642,Rosalynn,"Brooklyn,Prospect Heights",40.67424,-73.96665,Entire home/apt,150,5,24,6/23/2019,0.25,1,363
224004,Artsy Loft-like Harlem Apartment,1165231,Deirdre,"Manhattan,Harlem",40.80486,-73.95298,Private room,69,1,59,10/26/2018,0.63,2,86
224006,Harlem/Manhattan Classic Apartment,1165231,Deirdre,"Manhattan,Harlem",40.80307,-73.95048,Private room,300,55,6,1/2/2015,0.08,2,83
224510,"BEAUTIFUL APARTMENT, GREAT LOCATION",991380,Stefania,"Brooklyn,Boerum Hill",40.68653,-73.98562,Entire home/apt,230,4,18,7/5/2018,0.21,1,0
225297,Quiet sunny studio Midtown,1173599,Gaya,"Manhattan,Midtown",40.74267,-73.98569,Entire home/apt,125,4,3,12/26/2018,0.03,1,0
225306,Charming room in Victorian home,1112560,Mary,"Brooklyn,Bedford-Stuyvesant",40.68749,-73.95494,Private room,79,3,115,7/5/2019,1.21,3,264
225887,Brooklyn B & B close to Manhattan,663879,Christopher,"Brooklyn,Fort Greene",40.68645,-73.97538,Private room,130,3,154,6/19/2019,1.63,2,305
225926,The Notorious B.N.B. { The Erhart },1177497,Jessica,"Brooklyn,Clinton Hill",40.68999,-73.96711,Private room,239,1,164,7/1/2019,1.73,11,356
225976,Sunny cozy multileveled apartment!,1177947,Marina,"Staten Island,Shore Acres",40.61077,-74.06824,Entire home/apt,75,6,76,6/13/2019,0.8,1,278
226021,Sunny 2 bedroom Williamsburg Duplex w/ 3 beds,815977,Ryan,"Brooklyn,Williamsburg",40.71126,-73.94576,Entire home/apt,220,3,116,6/30/2019,1.23,2,135
227715,ROOM WITH KITCHENETTE #2,209460,Marylyn,"Brooklyn,Bedford-Stuyvesant",40.67855,-73.94949,Entire home/apt,80,3,234,6/30/2019,2.47,4,308
227735,Alpha-Bet City entire floor large cool 2br -L.E.S,1187935,Daniel,"Manhattan,East Village",40.72416,-73.9853,Entire home/apt,288,2,120,6/24/2019,1.27,1,229
228317,"Your Haven Awaits At ""Emma's Place""",1191142,Lady Jay,"Brooklyn,Bedford-Stuyvesant",40.68516,-73.92521,Entire home/apt,135,4,82,5/18/2019,0.87,1,273
228496,"Spacious, Kid-Friendly 2 BR in West Village",1192424,Gordon,"Manhattan,West Village",40.73507,-74.00048,Entire home/apt,225,3,13,5/26/2019,0.15,1,83
228517,Great Bedroom in Downtown Manhattan,1192610,Raven,"Manhattan,Chinatown",40.71611,-73.99828,Private room,110,30,59,6/24/2019,0.64,1,281
228925,Beautiful Brownstone,1194377,Marceline,"Brooklyn,Bedford-Stuyvesant",40.67964,-73.93946,Entire home/apt,100,7,63,6/26/2019,1.87,1,321
228979,1BDR - Hell's Kitchen Hideaway,1190088,Tim,"Manhattan,Hell's Kitchen",40.76189,-73.99,Private room,130,2,52,8/14/2018,0.55,1,303
229367,COMFY ROOM/COFFEE AND BAGEL/WEEKLY DISCOUNT,1097545,Carol,"Manhattan,East Village",40.72645,-73.98035,Private room,89,1,278,7/3/2019,2.95,3,192
229874,Oversized Studio in Park Slope,507304,Derrick,"Brooklyn,Sunset Park",40.66293,-73.99833,Entire home/apt,200,5,1,1/2/2012,0.01,1,0
230321,Apt with EmpireState view-Subway around the corner,1203500,Civan,"Brooklyn,Bedford-Stuyvesant",40.69046,-73.95167,Entire home/apt,80,2,35,6/9/2019,0.4,1,36
230854,Zen Yankee Stadium Pad 5 Minutes To Manhattan!,12221,Lori,"Bronx,Concourse",40.83001,-73.92158,Private room,50,5,235,6/29/2019,2.49,2,271
230877,Monthly Apartment Rental,292204,Blanca,"Manhattan,East Harlem",40.79239,-73.94535,Entire home/apt,135,28,115,6/30/2019,1.21,2,341
230956,Wonderfully inviting East Village,1207399,Mark,"Manhattan,East Village",40.72709,-73.98274,Private room,90,1,109,10/2/2015,1.15,1,333
231414,TURQUOISE: One-Bedroom Apt. in Soho,1184442,Roberto,"Manhattan,SoHo",40.72599,-74.00168,Private room,270,5,1,7/9/2013,0.01,1,210
232612,"Lovely pied-Ã -terre, in an historic building",1217241,Dee,"Brooklyn,Bedford-Stuyvesant",40.68309,-73.94219,Entire home/apt,110,3,305,6/27/2019,3.24,1,231
232618,"Spacious, well furnished, high fl. beautiful views",763420,Selma,"Manhattan,East Harlem",40.79442,-73.93433,Entire home/apt,145,1,102,6/18/2019,1.52,1,308
233189,NYC Studio in Heart of Times Square,1220414,Michael,"Manhattan,Hell's Kitchen",40.76166,-73.99675,Entire home/apt,179,30,83,5/31/2019,0.88,1,292
233638,rooms for rent in Queens with piano,1012895,Melody,"Queens,Ridgewood",40.70163,-73.90867,Private room,55,1,19,7/31/2018,0.25,1,311
233662,Large Sunny Luxe Prvt Room/Midtown,1223568,Tiffany,"Manhattan,Midtown",40.75575,-73.96842,Private room,110,2,61,5/18/2019,0.65,1,264
234184,Spacious Stunning Harlem Townhouse,902054,William,"Manhattan,Harlem",40.80903,-73.94197,Entire home/apt,325,5,89,6/30/2019,0.94,1,153
234870,Private Room With GREAT Location,1229984,John,"Queens,Long Island City",40.74581,-73.95295,Private room,75,30,65,7/31/2017,0.74,3,219
235552,HUGE Sunny Duplex Loft with Garden,1234405,Bertie,"Brooklyn,South Slope",40.66414,-73.98574,Entire home/apt,300,1,40,6/16/2019,0.44,1,0
235651,LARGE ARTSY Room w/ Loft Bed 4 DOOGLERS!,83257,Olan,"Manhattan,West Village",40.74,-74.00381,Private room,130,30,80,4/26/2019,0.86,2,332
235951,Stylish Studio with exclusive Terrace,1236070,Dan,"Manhattan,Midtown",40.75348,-73.97065,Entire home/apt,190,30,136,6/19/2019,1.45,1,120
235960,"LES private apt, 1 bedroom & more",1236817,Blue,"Manhattan,Lower East Side",40.72066,-73.98506,Entire home/apt,200,3,100,5/28/2018,1.06,1,191
236671,"Williamsburg Garden Home, 5 minutes from Manhattan",1240820,Triny,"Brooklyn,Williamsburg",40.71746,-73.95497,Entire home/apt,180,2,125,7/6/2019,1.36,3,248
236788,"HUGE, modern 2-LEVEL Brooklyn apt",4166168,Nick And NoÃ©mie,"Brooklyn,DUMBO",40.70257,-73.9847,Entire home/apt,350,5,40,4/14/2019,0.5,1,67
236806,charming 2bdrm apt in East Village,1151987,Juvie,"Manhattan,East Village",40.72264,-73.9837,Entire home/apt,160,4,0,,,1,0
237127,LOCATION LOCATION LOCATION Liz's,1146958,Liz,"Manhattan,Kips Bay",40.73833,-73.98186,Entire home/apt,195,30,139,4/28/2019,1.59,4,325
237210,Manhattan Loft in Prime East Village Location,1243192,Jacqueline,"Manhattan,Greenwich Village",40.73268,-73.99255,Entire home/apt,241,30,0,,,1,249
239055,Nolita Penthouse_Private Deck_Elev_,65064,Ashley & Nir,"Manhattan,Chinatown",40.71892,-73.99628,Entire home/apt,300,7,2,10/6/2014,0.03,1,0
239733,Astoria Garden Suite,1256874,Nancy,"Queens,Ditmars Steinway",40.77679,-73.91687,Entire home/apt,75,28,49,6/26/2019,0.53,1,313
239766,Lower East Side/Chinatown 1 Bedroom,1257309,Austin,"Manhattan,Lower East Side",40.71693,-73.98948,Entire home/apt,100,5,8,5/18/2018,0.11,1,0
239826,"Amazing 1 bed, live like a Newyorkr",1257760,Jay,"Manhattan,Gramercy",40.73685,-73.98359,Entire home/apt,399,1,0,,,1,12
239883,Private Room in Fort Green BK close to city,136962,Li,"Brooklyn,Fort Greene",40.68501,-73.97019,Private room,85,5,124,5/25/2019,1.32,1,69
239899,Spacious & Charming by Prospect Pk,1258363,Todd,"Brooklyn,Prospect-Lefferts Gardens",40.66068,-73.96003,Entire home/apt,80,21,5,12/19/2018,0.12,1,0
240800,Private Room Near Brooklyn Museum ,1263176,Joseph,"Brooklyn,Prospect Heights",40.67722,-73.96542,Private room,55,1,147,6/30/2019,1.57,1,293
241140,The Notorious B.N.B. { The Wallace },1177497,Jessica,"Brooklyn,Clinton Hill",40.68975,-73.96703,Private room,438,1,43,4/14/2019,0.46,11,363
241159,Clinton Hill 1 Bed Bright Loft Apartment,1264655,Ruari,"Brooklyn,Bedford-Stuyvesant",40.69221,-73.95866,Entire home/apt,110,6,8,1/3/2019,0.33,1,4
241862,Great Studio in W. Village - NYC!,1269455,Mike,"Manhattan,West Village",40.72969,-74.00635,Entire home/apt,200,2,37,1/2/2019,0.39,1,257
242532,The Notorious B.N.B. { The Swoon },1177497,Jessica,"Brooklyn,Clinton Hill",40.6893,-73.96602,Private room,279,1,120,6/19/2019,1.28,11,362
242643,"BIG 1br, SLEEPS 4, dishwashr, TV",1273825,Lauryn,"Brooklyn,Williamsburg",40.70832,-73.94157,Entire home/apt,137,1,24,1/1/2019,0.29,1,0
243229,2BR  Apt - 20min to Soho,1276497,Alon,"Brooklyn,Bedford-Stuyvesant",40.68016,-73.94878,Entire home/apt,280,3,5,7/9/2017,0.05,1,365
243708,Williamsburg  - Quiet and Comfy stay,288711,Andy,"Brooklyn,Williamsburg",40.70875,-73.95508,Entire home/apt,199,30,242,4/1/2019,2.59,1,102
245504,One Fabulous Private Room,714200,Baron,"Manhattan,Inwood",40.85888,-73.92886,Private room,71,4,229,6/21/2019,2.45,1,26
245544,NY/ Big Room for 2 near Manhattan,1260921,Victor,"Bronx,Kingsbridge",40.8679,-73.90023,Private room,42,2,108,6/19/2019,1.36,2,302
245574,Brooklyn Brownstone apartment,1288460,Al-,"Brooklyn,Bedford-Stuyvesant",40.6889,-73.95383,Entire home/apt,180,2,181,6/5/2019,1.92,1,280
245607,big 1 bedroom apt very central,825022,Jaidev,"Manhattan,Chelsea",40.75127,-73.99637,Entire home/apt,226,5,34,7/1/2019,0.39,1,302
246134,"Lovely, Large Room in Crown Heights",283604,Shelley,"Brooklyn,Crown Heights",40.67607,-73.94421,Private room,85,3,5,10/2/2016,0.05,1,281
246351,"Sweet Apt, Steps From Gramercy Park",1292250,Jerry,"Manhattan,Gramercy",40.73834,-73.9823,Entire home/apt,135,1,5,8/17/2015,0.06,1,0
246916,Quality Cozy Studio Next to Subway,3647,Rafael,"Queens,Elmhurst",40.7347,-73.88066,Entire home/apt,79,4,60,6/25/2019,0.64,2,297
246938,Scandinavian-apt for up to 5. LES,936630,Jens,"Manhattan,Lower East Side",40.71876,-73.98851,Entire home/apt,154,1,238,6/23/2019,2.59,1,246
248865,Loft Suite @ Box House Hotel,417504,The Box House Hotel,"Brooklyn,Greenpoint",40.73787,-73.95385,Entire home/apt,199,3,34,4/22/2019,0.37,28,60
248871,4 BEDROOM -2BATHRM WEST VILLAGE DUPLEX  TOWNHOUSE,605463,West Village,"Manhattan,West Village",40.73066,-74.00287,Entire home/apt,700,3,131,6/24/2019,1.4,4,296
249414,Large & bright 900ftÂ² 1br in WV,1306587,Andy,"Manhattan,West Village",40.73291,-74.00059,Entire home/apt,246,4,6,6/28/2017,0.16,1,0
249618,At a very nice area in the WestSide,1307773,Karina,"Manhattan,Washington Heights",40.85099,-73.92822,Private room,125,60,4,7/3/2015,0.06,1,364
249867,HANCOCK VERY SMALL ROOM,758441,Fred,"Brooklyn,Bedford-Stuyvesant",40.68707,-73.91918,Private room,100,1,7,10/7/2018,0.08,4,281
250259,Pre-War Williamsburg Loft,1311398,Ben,"Brooklyn,Williamsburg",40.7184,-73.96019,Entire home/apt,295,5,125,7/7/2019,3.04,1,0
250311,1 Bedroom Available In My Two Bedroom Flat,945499,Kyle,"Brooklyn,Crown Heights",40.67495,-73.95563,Private room,150,3,0,,,1,0
250323,SPACIOUS PRIVATE LITTLE ITALY FLAT,1311870,Christy,"Manhattan,Chinatown",40.71582,-73.99902,Entire home/apt,119,1,49,12/3/2014,0.58,1,0
250536,The Lenox in Harlem,1313306,Yvette,"Manhattan,Harlem",40.81068,-73.94288,Private room,125,1,11,9/25/2017,0.12,2,365
250537,The Lenox in Harlem,1313306,Yvette,"Manhattan,Harlem",40.81122,-73.94279,Entire home/apt,400,5,0,,,2,365
250801, Heart & Soul of Greenwich Village ,1314834,Rhona,"Manhattan,Greenwich Village",40.73129,-73.99944,Entire home/apt,850,3,107,5/23/2019,1.15,1,249
251262,Prime Williamsburg Loft off Bedford,1278802,Anne,"Brooklyn,Williamsburg",40.71628,-73.95737,Private room,129,2,241,6/29/2019,2.6,1,303
251277,Private Bdrm /Bath 1 block Ctrl Prk,1317343,Carol,"Manhattan,Upper West Side",40.78558,-73.9726,Private room,140,1,176,6/29/2019,1.89,1,300
252076,+Highly Satisfactory LES dwelling++,297769,Tunji,"Manhattan,Chinatown",40.7146,-73.991,Private room,115,4,151,6/16/2019,1.63,2,323
252607,Whole apartment / 2 bedroom in NYC,1325961,Chris,"Manhattan,East Harlem",40.79493,-73.94462,Entire home/apt,200,3,49,8/9/2018,0.53,2,0
253332,"Spacious, modern loft in awesome neighborhood",552343,Cynthia,"Brooklyn,Sunset Park",40.6623,-73.99049,Entire home/apt,96,120,13,9/1/2018,0.14,1,204
253466,Loft Suite @ The Box House Hotel,417504,The Box House Hotel,"Brooklyn,Greenpoint",40.73693,-73.95284,Entire home/apt,199,3,33,6/24/2019,0.47,28,60
253471,Loft Suite @ The Box House Hotel,417504,The Box House Hotel,"Brooklyn,Greenpoint",40.73641,-73.9533,Entire home/apt,199,3,24,11/6/2018,0.32,28,84
253475,Loft Suite @ The Box House Hotel,417504,The Box House Hotel,"Brooklyn,Greenpoint",40.73794,-73.95254,Entire home/apt,199,3,59,6/24/2019,0.66,28,60
253548,Well Kept  Private Room around  Brighton  Beach,1331493,Olia,"Brooklyn,Brighton Beach",40.58147,-73.96726,Private room,69,1,2,6/25/2015,0.04,1,303
253590,Large 1 Bedroom furnished on UWS,1331850,G,"Manhattan,Upper West Side",40.79771,-73.96323,Entire home/apt,185,2,16,6/28/2019,0.23,1,261
253623,Chez Carine - Privacy in Manhattan,1332108,Cici,"Manhattan,Harlem",40.81512,-73.94692,Private room,81,2,72,11/26/2018,0.77,1,0
253800,Loft Suite @ Box House Hotel,417504,The Box House Hotel,"Brooklyn,Greenpoint",40.7373,-73.95323,Entire home/apt,199,3,24,4/25/2019,0.26,28,60
253803,Loft Suite @ The Box House Hotel,417504,The Box House Hotel,"Brooklyn,Greenpoint",40.73708,-73.95271,Entire home/apt,199,3,23,6/22/2019,0.26,28,60
253806,Loft Suite @ The Box House Hotel,417504,The Box House Hotel,"Brooklyn,Greenpoint",40.73652,-73.95236,Entire home/apt,199,3,43,7/2/2019,0.47,28,60
253811,Loft Suite @ The Box House Hotel,417504,The Box House Hotel,"Brooklyn,Greenpoint",40.73693,-73.95316,Entire home/apt,199,3,30,7/3/2019,0.32,28,56
253815,Loft Suite @ The Box House Hotel,417504,The Box House Hotel,"Brooklyn,Greenpoint",40.73784,-73.95324,Entire home/apt,199,3,39,6/29/2019,0.44,28,84
253828,Duplex w/ Terrace @ Box House Hotel,417504,The Box House Hotel,"Brooklyn,Greenpoint",40.73674,-73.95247,Private room,349,3,8,7/26/2018,0.09,28,58
253839,Loft w/ Terrace @ Box House Hotel,417504,The Box House Hotel,"Brooklyn,Greenpoint",40.73783,-73.95259,Private room,249,3,3,11/3/2015,0.03,28,60
253842,1 BR w/ Terrace @ Box House Hotel,417504,The Box House Hotel,"Brooklyn,Greenpoint",40.73714,-73.95296,Private room,299,3,6,4/19/2018,0.1,28,60
253846,Superior @ Box House,417504,The Box House Hotel,"Brooklyn,Greenpoint",40.73731,-73.9545,Private room,179,3,4,12/4/2015,0.05,28,81
254131,"Read it 1st, A seprat fur BR, low $",1267021,Sharma,"Queens,Jackson Heights",40.74965,-73.89344,Private room,54,5,56,7/6/2019,0.66,3,365
254168,2 BR Duplex @ Box House Hotel,417504,The Box House Hotel,"Brooklyn,Greenpoint",40.73793,-73.95316,Private room,599,3,7,11/16/2018,0.08,28,60
254409,Husband & Wife Art-Filled Apartment,1336542,Stephanie,"Brooklyn,Clinton Hill",40.68197,-73.96549,Entire home/apt,110,1,2,1/13/2014,0.03,1,0
255024,"3BR, 2 bathroom condo in Bushwick",1340007,Roger,"Brooklyn,Bushwick",40.70271,-73.91566,Entire home/apt,220,2,178,6/24/2019,2.69,1,297
255476,"The BLUE OWL:
VEGETARIAN WBURG W PATIO & BACKYARD!",1302029,Bree,"Brooklyn,Williamsburg",40.7116,-73.9529,Private room,89,30,30,5/31/2019,0.8,1,91
255601,Cozy 2 Bedroom 20 Min from City,1343630,Antonio,"Brooklyn,Bedford-Stuyvesant",40.69241,-73.94885,Entire home/apt,170,2,190,6/23/2019,2.04,1,315
255957,NOLITA! LOCATION! LOCATION! VIEWS! FREE GYM!,506779,Claudia,"Manhattan,Nolita",40.72004,-73.99424,Entire home/apt,495,7,25,6/30/2019,0.27,2,338
256078,"Entire apt NYC, Queens. 15 min from Times Square.",1346437,Cristina,"Queens,Sunnyside",40.74511,-73.92398,Entire home/apt,80,10,81,5/31/2019,0.98,2,40
256328,Luxury Chelsea Townhouse at the High Line,1347034,Janine,"Manhattan,Chelsea",40.74599,-74.00253,Entire home/apt,760,2,7,6/22/2019,0.08,1,361
256369,Alchemy BnB - room in artist loft,1348494,Pamela,"Brooklyn,Cobble Hill",40.68946,-73.99385,Private room,98,4,216,7/1/2019,2.31,1,288
257097,Sunny! 2br Steps to train/restaurants - 15 to NYC,315401,Jaime,"Brooklyn,Bedford-Stuyvesant",40.68226,-73.95473,Entire home/apt,125,30,31,1/28/2019,0.33,1,218
257568,Zen Den (Airport Pickup: JFK & LGA),1123923,Adolfo,"Brooklyn,Cypress Hills",40.67855,-73.8896,Private room,48,90,53,8/12/2017,0.57,2,1
257787,Heart of Williamsburg. Brand New.,1356046,Daniel,"Brooklyn,Williamsburg",40.71408,-73.9489,Private room,64,3,247,6/21/2019,2.65,2,117
258284,"Fresh, Clean Brooklyn Garden Apt.",1358312,S,"Brooklyn,Clinton Hill",40.68618,-73.96144,Entire home/apt,154,3,233,4/10/2019,2.5,1,0
258397,Guest Apartment in Owner Occupied Home,1354758,Annie,"Brooklyn,Park Slope",40.67379,-73.98454,Entire home/apt,139,3,135,6/24/2019,1.45,1,204
258686,My Home Is Your Home,1233267,Kim,"Queens,St. Albans",40.70554,-73.76637,Private room,75,4,20,12/30/2015,0.23,1,0
258688,Spacious & Stylish Chelsea One Bedroom Apartment,436599,Chad,"Manhattan,West Village",40.74031,-74.00532,Entire home/apt,325,4,46,6/2/2019,0.5,1,20
258690,CHELSEA 1 Bdrm Plus Sleeping Loft!!,1359611,Andrea,"Manhattan,Chelsea",40.74618,-74.00392,Entire home/apt,195,365,10,10/26/2014,0.12,1,0
258740,Spacious room in beautiful apt! ,1360043,Adrienne,"Manhattan,Harlem",40.81872,-73.94567,Private room,58,1,143,6/30/2018,2.83,1,0
258838,"Oceanview,close to Manhattan",1360198,Marina,"Staten Island,Arrochar",40.59251,-74.06479,Entire home/apt,250,2,21,5/22/2019,0.26,4,333
258876,"Affordable rooms,all transportation",1360198,Marina,"Staten Island,Arrochar",40.59101,-74.06685,Private room,50,7,0,,,4,189
259946,"Budget stay, near transportation",1360198,Marina,"Staten Island,Arrochar",40.59262,-74.06659,Entire home/apt,125,2,8,5/19/2019,0.09,4,353
260451,Fort Greene brownstone 1BR- SUBLET,52335,Alexander,"Brooklyn,Fort Greene",40.69142,-73.97203,Entire home/apt,70,7,4,8/28/2017,0.05,2,0
260765,NewYork Modern Pre-War LoftStudio ,480943,Ro,"Manhattan,Upper East Side",40.76928,-73.95021,Entire home/apt,189,2,314,7/1/2019,3.45,2,206
261194,Cozy Artist Duplex **Bedstuy Charm**,696482,Christine,"Brooklyn,Bedford-Stuyvesant",40.68338,-73.95289,Entire home/apt,130,3,18,6/18/2019,0.25,1,1
261259,Apartment in Best location in NYC,1370358,Keiko,"Manhattan,West Village",40.72953,-74.00462,Entire home/apt,145,7,11,5/27/2015,0.12,1,0
261344,Inspired in Historic Downtown NYC!,568103,Liah,"Manhattan,Financial District",40.70523,-74.01345,Private room,101,7,51,6/2/2019,0.55,1,307
261674,Chelsea/West Village - 2bdrm apt,1372786,Lindsey,"Manhattan,Chelsea",40.74025,-74.00161,Private room,95,5,20,4/1/2017,0.33,1,0
261781,1500+ sq ft 2BR West Village Loft,1359519,Nadya,"Manhattan,West Village",40.73378,-74.00429,Entire home/apt,375,7,8,12/30/2017,0.12,1,0
262343,Cozy & Clean Lower East Side Apt.,1376385,Lauren,"Manhattan,Lower East Side",40.72087,-73.99022,Entire home/apt,153,31,59,6/6/2019,0.63,1,27
262405,Spacious Townhome Apt in Brooklyn,1376778,Wade,"Brooklyn,East Flatbush",40.64468,-73.94219,Entire home/apt,92,4,54,6/24/2019,0.62,1,27
262478,Chic + Stylish room in heart of LowerEastSide NYC!,535128,Juliana,"Manhattan,Lower East Side",40.7193,-73.98966,Private room,80,5,10,12/31/2018,0.46,1,348
262583,Landmark 2 Bedroom West Village NYC,605463,West Village,"Manhattan,West Village",40.73312,-74.0042,Entire home/apt,300,4,153,6/25/2019,1.66,4,246
263005,2 bedroom apt in charming brick townhouse,1380060,Marisa And Colin,"Brooklyn,Fort Greene",40.69778,-73.97676,Entire home/apt,145,3,110,6/2/2019,1.2,1,15
263190,Room in East Village with Private Entrance,1020539,Dominique,"Manhattan,East Village",40.72534,-73.98591,Private room,88,2,69,1/1/2019,0.91,2,0
263232,Cozy&Clean in a great neighborhood,1381171,Nicole,"Manhattan,Harlem",40.82151,-73.94516,Entire home/apt,155,1,1,1/27/2019,0.18,1,5
263502,Prime Williamsburg 1/BD New Condo,1382749,Shaun,"Brooklyn,Williamsburg",40.72059,-73.9567,Entire home/apt,185,180,24,8/19/2015,0.26,1,0
263776,City Skyline Views from every room!,1384111,Joanne,"Queens,Sunnyside",40.74558,-73.92324,Private room,73,2,95,1/2/2019,1.02,2,0
263888,Contemporary & Classic Sanctuary on the Hudson,1384559,C,"Manhattan,Upper West Side",40.79433,-73.9765,Entire home/apt,225,2,129,4/28/2019,1.41,1,107
264323,Comfortable Manhattanville,305972,Allan,"Manhattan,Morningside Heights",40.81055,-73.95549,Private room,85,7,171,3/31/2019,1.84,2,144
265036,Private room w/ queen bed + rooftop,21188,Leo,"Brooklyn,Crown Heights",40.6711,-73.95231,Private room,99,2,20,6/9/2019,0.59,1,98
265064,Zen Eyrie â€“Airport Pick-Up: JFK/LGA,1123923,Adolfo,"Brooklyn,Cypress Hills",40.67962,-73.88928,Private room,48,90,17,5/3/2017,0.27,2,0
265145,Studio sublet in Hell's kitchen,1390947,Akiko,"Manhattan,Theater District",40.76217,-73.98411,Entire home/apt,200,5,8,1/8/2015,0.09,1,0
265506,Luxury NYC 2 Bedroom with Terrace,1392440,Sandra,"Manhattan,Upper East Side",40.76128,-73.96463,Entire home/apt,485,7,11,11/1/2015,0.12,1,0
265831,Bright unique designer loft in Soho,1394190,Jen,"Manhattan,Nolita",40.72313,-73.99438,Entire home/apt,310,5,5,7/5/2018,0.09,1,89
265912,Spacious  2 bed Loft apartment Bedford L,1394719,Jill,"Brooklyn,Williamsburg",40.7177,-73.95576,Entire home/apt,110,4,0,,,1,354
266146,Beautiful studio by Central Park,1385157,Brian,"Manhattan,Upper West Side",40.78448,-73.97289,Entire home/apt,109,30,36,3/19/2019,0.39,5,286
266155,One bed suite with private garden,1385157,Brian,"Manhattan,Upper West Side",40.78304,-73.97447,Entire home/apt,167,30,16,3/31/2019,0.17,5,252
266351,SUNNY 1 Bedroom APT in Fort Greene - BROOKLYN,1396546,Elena,"Brooklyn,Fort Greene",40.68737,-73.97125,Entire home/apt,147,15,5,7/12/2018,0.12,1,189
266437,West Village cozy 2 bedroom  NYC ,1397061,Asia Joanna,"Manhattan,Chelsea",40.74139,-74.0005,Entire home/apt,220,4,0,,,1,0
266449,2 Bedroom Gem - Prime LES Location,1397115,Drew,"Manhattan,Lower East Side",40.71992,-73.98773,Entire home/apt,195,4,68,6/3/2019,0.77,1,271
266756,REAL 2BR-HEART OF SOHO-LITTLE ITALY,1398809,Roberto  Mike,"Manhattan,Little Italy",40.71905,-73.99677,Entire home/apt,199,28,89,6/30/2018,0.99,1,0
267376,BIG ROOM / DOWNTOWN  LOFT /,638721,Fred,"Manhattan,Financial District",40.70741,-74.00102,Private room,65,30,10,6/24/2019,1.02,1,0
267435,Large Sunny Bedroom in QNS NYC,1402454,Jocelin,"Queens,Rego Park",40.73349,-73.86009,Private room,55,1,38,7/1/2019,0.85,1,0
267535,Home Away From Home-Room in Bronx,1402951,Clara,"Bronx,Wakefield",40.89557,-73.8447,Private room,50,2,15,6/9/2019,0.17,1,337
267652,Private clean pleasant spacious room.,164675,Janice,"Brooklyn,Kensington",40.64277,-73.97296,Private room,60,2,20,1/21/2019,0.42,1,347
267708,"Charming Hotel Alternative
Mount Sinai",661399,Vivianne,"Manhattan,East Harlem",40.79111,-73.94466,Private room,99,3,25,6/15/2019,0.96,2,127
268392,SUNNY 2-bdrm CHILD-friendly Uptwn by Centrl Park!,1406773,Eyal And Amy,"Manhattan,Harlem",40.79951,-73.95257,Entire home/apt,130,2,35,5/27/2019,0.42,1,41
268481,Resort-like living in Williamsburg,1380703,Vishal,"Brooklyn,Williamsburg",40.71647,-73.93974,Entire home/apt,290,30,1,9/24/2013,0.01,1,0
268868,Hudson Yards with views of The Highline Park,1408733,Sergio,"Manhattan,Chelsea",40.75114,-74.00195,Entire home/apt,350,3,64,6/2/2019,0.7,1,18
269283,Brooklyn: A Huge Bedroom + Good Vibes,1410714,Antoinette,"Brooklyn,Crown Heights",40.66431,-73.93216,Private room,50,3,26,2/16/2019,0.33,1,158
269889,One stop from Midtown Manhattan!,1413098,M,"Queens,Long Island City",40.74579,-73.95012,Private room,96,2,244,6/25/2019,2.74,1,270
270139,"Private Room Very Near L train, Bushwick",1093220,Chavisa,"Brooklyn,Bushwick",40.70278,-73.92673,Private room,45,15,21,1/15/2019,0.29,3,88
270231,Cozy New York  City private room,1366310,Janina,"Queens,Woodside",40.74409,-73.91122,Private room,85,2,270,7/7/2019,2.95,2,306
270315,Bed-stuy Royal Room,1398639,Juliet,"Brooklyn,Bedford-Stuyvesant",40.68812,-73.93254,Private room,34,10,16,3/27/2019,0.19,3,216
270345,SUPER CUTE EAST VILLAGE APARTMENT,1415590,Cameron,"Manhattan,East Village",40.72454,-73.99151,Entire home/apt,250,3,24,6/27/2019,0.26,1,16
270680,GREAP STUDIO / 4PPL IN MIDTOWN,1315849,Javier Pedraza,"Brooklyn,Williamsburg",40.71073,-73.96207,Private room,190,1,30,6/28/2019,0.33,2,365
270681,BEDFORD AV.  ROOM IN WILLIAMSBURG..,1315849,Javier Pedraza,"Brooklyn,Williamsburg",40.71028,-73.96128,Private room,75,2,5,9/7/2015,0.06,2,365
271083,Sleep & Wake near Botanical Gardens,1217923,Kevin,"Brooklyn,Prospect-Lefferts Gardens",40.65772,-73.96131,Entire home/apt,93,4,115,6/12/2019,1.25,1,312
271128,Tranquil in the heart of Brooklyn 2,1417166,Lex,"Brooklyn,Bedford-Stuyvesant",40.68884,-73.95059,Private room,60,5,9,6/25/2019,0.19,2,33
271130,Tranquil in the heart of Brooklyn 1,1417166,Lex,"Brooklyn,Bedford-Stuyvesant",40.6865,-73.95372,Private room,65,5,45,5/26/2019,0.52,2,0
271694,"Easy, comfortable studio in Midtown",1387370,James,"Manhattan,Midtown",40.75282,-73.97315,Entire home/apt,125,365,19,9/8/2015,0.21,1,365
271950,Huge luxury 1BR apt near Central Park South(4 ppl),1362808,Max,"Manhattan,Upper East Side",40.76373,-73.96897,Entire home/apt,300,3,5,12/31/2018,0.08,1,27
271954,Beautiful brownstone apartment,1423798,Aj,"Manhattan,Greenwich Village",40.73388,-73.99452,Entire home/apt,150,2,203,6/20/2019,2.22,1,300
272026,1 Bd. MANHATTAN NY Entire Apt. 1 yr-6 months min.,1423613,Arthur,"Manhattan,Washington Heights",40.85774,-73.92901,Entire home/apt,56,122,20,1/2/2018,0.41,1,216
272044,Luxury Designer Downtown Apartment,1195295,M,"Manhattan,East Village",40.72257,-73.98465,Entire home/apt,299,3,49,10/27/2018,0.53,1,365
272427,Spacious room on charming block in Greenpoint!,511993,Diana,"Brooklyn,Greenpoint",40.72723,-73.95728,Private room,60,4,6,4/21/2019,0.07,1,303
272706,"SUNNY, SPACIOUS APT. in  FT. GREENE",1402817,Valerie,"Brooklyn,Fort Greene",40.69135,-73.97321,Entire home/apt,88,5,7,6/18/2017,0.08,1,0
272738,Guest Room in Authentic Williamsburg Factory Loft,1427381,Elizabeth,"Brooklyn,Williamsburg",40.70513,-73.95505,Private room,60,2,35,6/30/2019,0.38,2,161
273190,6 Bedroom Landmark West Village Townhouse,605463,West Village,"Manhattan,West Village",40.73301,-74.00268,Entire home/apt,1300,5,28,9/25/2018,0.31,4,297
273256,Beautiful bed and bath - Manhattan,1429642,Delia,"Manhattan,East Harlem",40.79793,-73.93612,Private room,200,6,0,,,1,0
274062,Beautiful Room Near Central Park!,1433395,Stacia,"Manhattan,Harlem",40.80285,-73.95166,Private room,99,2,54,6/24/2019,0.88,1,50
274329,Fantastic 1-bedroom basement apt.,1434654,Andrew,"Brooklyn,Bushwick",40.70642,-73.91665,Entire home/apt,110,3,115,6/25/2019,1.75,2,28
274376,"Private Clinton Hill, Brooklyn Apt",1434931,Aaron,"Brooklyn,Clinton Hill",40.68156,-73.96537,Entire home/apt,135,5,6,6/24/2019,0.13,1,317
274743,Charming furnished Studio-Loft,1436404,Catherine,"Manhattan,Upper East Side",40.77368,-73.95198,Entire home/apt,110,15,1,8/31/2014,0.02,1,275
275976,Lovely 2 bedroom apartment with backyard access,1417757,Kwab,"Brooklyn,Bedford-Stuyvesant",40.68631,-73.93702,Entire home/apt,165,3,204,6/30/2019,2.31,1,80
276216,Nights in White Satin in the Slope,1440691,Dena,"Brooklyn,Sunset Park",40.65992,-73.99042,Entire home/apt,127,180,1,9/1/2016,0.03,1,365
276317,"The Carlton, Brooklyn brownstone Duplex w/ garden",130901,Chauncey,"Brooklyn,Prospect Heights",40.67847,-73.97038,Entire home/apt,402,3,89,6/23/2019,0.97,1,340
276482,Comfortable Manhattanville.,305972,Allan,"Manhattan,Harlem",40.81371,-73.95585,Private room,85,6,130,6/2/2019,1.42,2,97
277207,Beautiful lrg 1800's syle apt share,1447684,Rosa,"Brooklyn,Greenpoint",40.72868,-73.95835,Private room,75,7,15,6/8/2019,0.25,3,365
277370,Location wins for East Village Apt,1448432,Jim,"Manhattan,East Village",40.73168,-73.98662,Entire home/apt,139,30,52,5/13/2019,0.6,1,314
277883,Sunny Entire Apt with Romantic Bedroom,950657,Michelle,"Brooklyn,Prospect-Lefferts Gardens",40.65689,-73.9533,Entire home/apt,70,6,58,12/29/2017,0.63,1,0
278090,Furnished room for rent - Manhattan,1451723,Bia,"Manhattan,East Harlem",40.7928,-73.93967,Private room,50,3,208,6/11/2019,2.32,1,339
278145,Large Room in a Huge NY apartment.,1452026,Heidi,"Queens,Astoria",40.77117,-73.91905,Private room,30,5,3,6/20/2017,0.03,1,0
278631,West Village NYC Sun-filled Studio!,1132207,Cathryne,"Manhattan,West Village",40.73729,-74.00807,Entire home/apt,250,30,7,4/21/2013,0.08,1,35
278876,"Large, furnished room in a 2 bedroom!",368528,Ally,"Brooklyn,Crown Heights",40.66984,-73.95141,Private room,64,1,1,3/18/2017,0.04,1,0
279093,Huge Apartment!  Amazing View!,1455825,Erica,"Manhattan,Harlem",40.82977,-73.94071,Entire home/apt,300,3,2,4/10/2018,0.06,1,365
279857,#1 Yellow Block BnB/see at Net Flix Show Stay Here,1420300,Gordy,"Brooklyn,Bedford-Stuyvesant",40.68492,-73.95489,Entire home/apt,800,4,122,7/2/2019,1.37,1,257
279969,Cozy Brownstone Inn I(studio),240427,Naimah,"Brooklyn,Bedford-Stuyvesant",40.68255,-73.91957,Entire home/apt,100,3,63,6/18/2019,0.72,2,5
280315,Crown Height's Brooklyn Cozy Apt,1151818,Gabrielle,"Brooklyn,Crown Heights",40.67392,-73.94662,Entire home/apt,250,5,26,10/31/2014,0.28,1,0
281521,Amazing West Village 2br,70614,Vimal,"Manhattan,West Village",40.73879,-74.00425,Entire home/apt,200,27,1,10/2/2012,0.01,1,0
281756,Authentic NY Charming Artist Loft,1468658,Barbara,"Brooklyn,Greenpoint",40.73321,-73.95587,Entire home/apt,140,5,14,6/19/2019,0.16,1,0
281851,Beautiful Private Bedroom - Downstairs,1469036,Tw,"Manhattan,Harlem",40.80671,-73.95082,Private room,130,1,107,6/25/2019,2.38,1,304
282341,Kensington/Ditmas Park pied-a-terre,1471384,Dan,"Brooklyn,Kensington",40.6433,-73.97386,Entire home/apt,90,30,3,7/30/2017,0.05,1,286
282443,QT STUDIO FOR ROMANTIC COUPLES,36897,Lydia,"Manhattan,Chinatown",40.71601,-73.99123,Entire home/apt,90,3,107,5/18/2019,1.17,1,0
282514,"Own Room & Bath, Sunny Town House, 18"" to Wall St",1464358,Dian,"Brooklyn,Bedford-Stuyvesant",40.68106,-73.9292,Private room,97,3,29,6/25/2019,1.57,1,118
282863,Cozy & Charming Boerum Hill Flat,322934,Kate,"Brooklyn,Gowanus",40.68131,-73.98879,Entire home/apt,91,6,69,6/21/2019,0.76,1,265
282977,Park Slope Brooklyn!  Sunny Bedroom.,1474071,Diana,"Brooklyn,Park Slope",40.67264,-73.98136,Private room,125,3,232,7/6/2019,2.52,1,303
283072,One bedroom sharing Bathroom,1474637,Eliza,"Brooklyn,Cypress Hills",40.67889,-73.86404,Private room,75,7,0,,,1,0
283090,Spacious East Village Apartment,511175,Luis,"Manhattan,East Village",40.7241,-73.97899,Entire home/apt,180,7,24,8/10/2018,0.26,2,125
283184,Huge Williamsburg Loft..Perfect for Big Groups!,1427381,Elizabeth,"Brooklyn,Williamsburg",40.70766,-73.95191,Entire home/apt,300,7,0,,,2,354
283272,Stylish Garden House - Trendy area,524730,Oz,"Brooklyn,Williamsburg",40.71422,-73.9484,Entire home/apt,100,19,5,8/3/2016,0.06,2,6
283550,Hells Kitchen Ground Fl 1-bedroom,1476954,Jose,"Manhattan,Hell's Kitchen",40.76001,-73.99133,Entire home/apt,175,3,10,4/21/2019,0.23,1,0
284208,Pre War Park Slope on Prospect Park,1366270,Louisa,"Brooklyn,South Slope",40.66441,-73.97974,Private room,65,4,36,11/12/2018,0.47,2,80
284855,Charming Apt in the Best Location!,1482460,Dara,"Manhattan,West Village",40.73362,-74.00923,Entire home/apt,240,5,94,6/19/2019,1.1,1,134
285442,Huge room with private balcony,1475866,Jesper,"Manhattan,East Village",40.73119,-73.98819,Private room,300,6,1,5/6/2013,0.01,1,0
285492,Amazing 1 bedroom apt with NYC View,1486034,Eric,"Manhattan,Chelsea",40.74494,-73.9998,Entire home/apt,385,1,63,8/3/2018,0.71,1,364
285716,Great spacious room by the L train!,1487126,Anamaria,"Brooklyn,Bushwick",40.69657,-73.9129,Private room,47,15,5,9/11/2013,0.06,1,0
286662,Charming Brooklyn Studio,1491538,Erika,"Brooklyn,Crown Heights",40.67106,-73.95463,Entire home/apt,110,3,238,7/2/2019,2.6,1,297
286838,Private Room in Brownstone,1492339,Karin,"Manhattan,Harlem",40.80748,-73.95589,Private room,75,2,101,10/31/2015,1.1,1,0
287397,Bed Stuy Pride! Welcome to Brooklyn,1029021,Jameelah,"Brooklyn,Bedford-Stuyvesant",40.68991,-73.93179,Entire home/apt,100,3,21,6/24/2019,0.23,3,43
287408,Lovely Hell's Kitchen Studio...,1495090,Carey,"Manhattan,Hell's Kitchen",40.76147,-73.99152,Entire home/apt,165,2,72,7/31/2018,0.82,1,10
287417,HOT SPOT FOR 20 AND 30 SOMETHING'S,1495196,Yvette,"Brooklyn,Bedford-Stuyvesant",40.68174,-73.91921,Entire home/apt,300,2,40,6/23/2019,0.68,1,0
287421,"Cozy, Clean Cobble Hill Brownstone",1495141,Keow,"Brooklyn,Cobble Hill",40.68538,-74.00056,Entire home/apt,140,3,103,8/1/2017,1.13,1,189
287481,Bright Loft Apt w Skylight in Wburg,1495502,Olly,"Brooklyn,Williamsburg",40.70839,-73.94289,Entire home/apt,120,6,66,5/1/2019,0.72,2,17
287839,"Cozy, beautiful doormen studio-",1498424,Hibo,"Brooklyn,Fort Greene",40.69018,-73.98107,Entire home/apt,175,3,35,6/27/2019,0.4,1,289
287845,Carroll Gardens Gem-2BD with Garden,1496847,Paul & Ewa,"Brooklyn,Carroll Gardens",40.68128,-73.99522,Entire home/apt,275,31,121,7/1/2019,1.33,1,305
289020,Sunny 1BR Center of East Village!,347036,Jasmine,"Manhattan,East Village",40.72948,-73.98694,Entire home/apt,179,8,15,8/29/2018,0.19,1,0
289037,"2BR in Cobble Hill, Brooklyn, NY",632334,Michael,"Brooklyn,Carroll Gardens",40.68353,-73.9914,Entire home/apt,189,2,13,9/5/2016,0.18,1,0
289288,Perfect East Village Apartment,1502469,Max,"Manhattan,East Village",40.72506,-73.98865,Entire home/apt,219,2,129,5/11/2019,1.42,1,220
289665,Decorators 5-Star Flat West Village,1503831,Elle,"Manhattan,West Village",40.72891,-74.00293,Entire home/apt,450,20,157,8/11/2016,1.71,1,0
289703,Beautiful SoHo Luxury Apartment,815741,Geoff,"Manhattan,SoHo",40.7253,-73.99916,Entire home/apt,249,5,8,11/26/2016,0.11,1,0
289958,2 Rooms in Cottage NYC,1454655,Ronaldo,"Queens,Long Island City",40.75295,-73.93228,Private room,65,2,5,9/9/2014,0.06,1,362
289995,Zen Minimalist w/Garden- Bedford L Stop,1505217,Pia,"Brooklyn,Greenpoint",40.71947,-73.95252,Entire home/apt,250,4,46,6/23/2019,0.52,1,121
290457,Between Two Bridges 2BD -Whole Apt!,207124,Mikki & Bazi,"Manhattan,Chinatown",40.71283,-73.99703,Entire home/apt,139,30,37,2/16/2019,0.41,1,153
291524,BIG LUXURY LINCOLN CENTER AREA STUDIO + !!,1470688,Philip,"Manhattan,Upper West Side",40.77338,-73.98887,Entire home/apt,209,7,14,6/25/2019,0.16,1,205
291714,Brooklyn Beauty - Large 2 bedroom Apartment,1321504,Rohan,"Brooklyn,Crown Heights",40.67385,-73.94405,Entire home/apt,120,5,37,4/15/2018,0.45,1,310
291812,"Entire Apartment in Astoria, 15mins from Manhattan",1509416,Natalia,"Queens,Astoria",40.76856,-73.91828,Entire home/apt,70,5,1,8/30/2016,0.03,1,0
292047,Gorgeous pvt room in West Village,1490696,Alejandra,"Manhattan,West Village",40.73908,-74.00378,Private room,90,3,209,7/4/2019,2.38,1,236
292121,1 bedroom apt in Midtown West,169927,Hubert,"Manhattan,Hell's Kitchen",40.7625,-73.9869,Entire home/apt,199,3,4,9/12/2018,0.07,1,200
292266,Sunny and spacious bedroom,1513294,Urszula,"Brooklyn,Bushwick",40.69755,-73.91187,Private room,50,60,17,4/1/2019,0.19,2,74
292637,Beautiful Spacious One Bedroom,1021834,Svetlana,"Brooklyn,Crown Heights",40.67335,-73.96,Entire home/apt,100,5,0,,,1,0
293004,Room next to Columbia Uni.,910719,Sena,"Manhattan,Harlem",40.80497,-73.95146,Entire home/apt,110,1,0,,,1,0
293837,"Big Apt for Funky Art /Music Lovers, Outdoor Patio",1495502,Olly,"Brooklyn,Williamsburg",40.70736,-73.94331,Entire home/apt,157,4,54,6/11/2019,0.66,2,12
294227,Loft Suite @ The Box House Hotel,417504,The Box House Hotel,"Brooklyn,Greenpoint",40.73683,-73.9543,Entire home/apt,199,3,43,6/22/2019,0.49,28,84
294239,NYC Summer Getaway | Full Home 2BR,1521432,Carmen,"Queens,Astoria",40.76444,-73.92607,Entire home/apt,192,3,7,4/18/2017,0.08,1,0
294242,Loft Suite @ The Box House Hotel,417504,The Box House Hotel,"Brooklyn,Greenpoint",40.7389,-73.95395,Entire home/apt,199,3,75,6/5/2019,0.93,28,84
294250,Beautiful New Garden Apartment ,45682,Irina,"Manhattan,Upper West Side",40.77611,-73.97808,Entire home/apt,150,1,88,6/7/2019,0.99,1,0
294259,Loft Suite @ Box House Hotel,417504,The Box House Hotel,"Brooklyn,Greenpoint",40.73806,-73.95462,Entire home/apt,199,3,73,6/30/2019,0.84,28,56
294263,Loft Suite @ The Box House Hotel,417504,The Box House Hotel,"Brooklyn,Greenpoint",40.73661,-73.95479,Entire home/apt,199,3,89,7/1/2019,1.06,28,62
294280,Loft Suite @ The Box House Hotel,417504,The Box House Hotel,"Brooklyn,Greenpoint",40.73857,-73.95435,Entire home/apt,199,3,23,4/23/2019,0.26,28,81
294297,"Lovely apt in Williamsburg, BK",1521604,Summer,"Brooklyn,Williamsburg",40.711,-73.96225,Entire home/apt,105,3,11,6/23/2019,0.16,1,0
294353,Williamsburg HUGE SUNNY next2train!,430188,Pam,"Brooklyn,Williamsburg",40.70686,-73.95365,Private room,135,28,84,2/16/2019,1.12,6,310
294490,Loft Suite @ Box House Hotel,417504,The Box House Hotel,"Brooklyn,Greenpoint",40.73857,-73.95299,Entire home/apt,199,3,54,6/10/2019,0.61,28,60
294717,Modern apartment w/ gorgeous view,1523610,Marissa,"Brooklyn,Williamsburg",40.71095,-73.95239,Private room,125,3,17,5/20/2015,0.19,1,0
295231,"Sunny, clean br available",1387286,Felicia,"Brooklyn,Williamsburg",40.70918,-73.94881,Private room,60,7,1,3/24/2014,0.02,2,0
295379,Have Whole Apt! Prime Williamsburg!,1525761,Ric,"Brooklyn,Williamsburg",40.71685,-73.96573,Entire home/apt,85,1,73,6/19/2019,0.89,1,0
295998,Panoramic View Central Park & NYC,568585,Alan,"Manhattan,Upper West Side",40.7909,-73.96762,Entire home/apt,300,3,36,5/1/2019,0.47,1,29
296345,E Williamsburg Apartment with Yard,496164,Todd,"Brooklyn,Williamsburg",40.71143,-73.94159,Private room,75,2,98,5/31/2019,1.07,2,264
296361,Nice Private Room Beauty in Queens,1528912,Weiwei,"Queens,Elmhurst",40.737,-73.87444,Private room,55,1,63,5/18/2019,0.89,2,341
296658,Sublet in Brooklyn/Lefferts Gardens,1530106,Glenn,"Brooklyn,Crown Heights",40.66469,-73.96091,Private room,44,5,2,9/21/2017,0.09,1,0
296717,"Cozy Corner, Bedford Ave  Brooklyn!",1530310,Jacques,"Brooklyn,Bedford-Stuyvesant",40.68855,-73.95405,Private room,55,5,18,10/10/2018,0.2,3,0
296844,"HISTORIC WILLIAMSBURG, BKLYN #1",839679,Brady,"Brooklyn,Williamsburg",40.71653,-73.95554,Private room,30,3,24,12/4/2013,0.28,3,0
297611,Inexpensive apartment in exchange for cat-care,997124,Alison,"Brooklyn,Fort Greene",40.69309,-73.97074,Private room,35,3,1,5/13/2018,0.07,1,0
297962,"Private room in 2 br Apt, Wburg, BK",1535987,Sergio,"Brooklyn,Williamsburg",40.70638,-73.96627,Private room,70,1,2,1/2/2018,0.05,1,363
298073,"Bright, Airy Williamsburg Apt",1536533,Irina,"Brooklyn,Williamsburg",40.71629,-73.95786,Entire home/apt,130,14,23,11/8/2016,0.25,1,25
298759,Large Double Room  Queenbed Wifi,1539749,Edward,"Brooklyn,Bedford-Stuyvesant",40.68622,-73.94675,Private room,52,2,93,7/7/2019,1.12,4,0
298854,"Low$pacious in Williamsburg, Bklyn",1412944,Jason,"Brooklyn,Williamsburg",40.71635,-73.94609,Private room,75,3,0,,,1,358
299062,1 Bdrm in 2 Bdrm Apt in Upper East Lux Drmn Bldng,236421,Jessica,"Manhattan,Upper East Side",40.77272,-73.95307,Private room,190,3,0,,,2,0
299078,Charming 1BD in SoHo,787261,L,"Manhattan,SoHo",40.72509,-74.00304,Entire home/apt,250,5,152,6/23/2019,1.69,1,109
299531,Feel like you never leave your home,1220404,Tom,"Brooklyn,East New York",40.66795,-73.89232,Entire home/apt,100,1,119,6/30/2019,1.39,2,289
299699,Sunny apartment  in Greenpoint,1557998,Eliza,"Brooklyn,Greenpoint",40.72582,-73.95843,Entire home/apt,130,4,9,4/2/2018,0.1,1,188
301034,Furnished Bedroom with private half bath,1550578,Ron,"Manhattan,Harlem",40.80637,-73.95433,Private room,140,2,44,6/26/2019,0.49,1,260
302057,Sunny private room featured in film,1555897,Alice,"Brooklyn,Flatbush",40.64387,-73.96855,Private room,75,2,158,1/2/2019,1.77,1,168
302758,Sunny 1BR East Harlem Apartment,8605,Dimitry,"Manhattan,East Harlem",40.7968,-73.93611,Entire home/apt,150,7,12,3/26/2016,0.14,1,0
303345,The best studio in town,1561505,Ibrahima,"Manhattan,East Harlem",40.79596,-73.94463,Entire home/apt,90,3,51,5/4/2019,0.57,1,311
303462,Fully Furnished 1B/1BTH UWS GEM  1 YR Sublease,1562045,Antonio,"Manhattan,Upper West Side",40.78012,-73.98439,Entire home/apt,295,1,0,,,1,146
304799,Penthouse Studio by Central Park,185753,Carolyn,"Manhattan,Upper West Side",40.77508,-73.9799,Entire home/apt,150,2,11,6/9/2019,0.13,1,2
305211,Your Own 2 Br Apt Bedford and Grand,1570170,Kristina,"Brooklyn,Williamsburg",40.71532,-73.96064,Entire home/apt,180,3,236,6/18/2019,2.74,2,242
306702,Spacious + Sunny Studio in Ft. Greene Brooklyn!,1577493,Tina,"Brooklyn,Fort Greene",40.68786,-73.97421,Private room,135,3,16,9/1/2018,0.18,1,0
306799,2 rooms; private entrance & bath!,1577961,Oona,"Brooklyn,Bushwick",40.70793,-73.91987,Private room,65,5,123,2/28/2019,1.42,1,46
309342,Giant Sunny Bedroom & Private Bath in my Apartment,1586945,Ben,"Manhattan,Upper West Side",40.79044,-73.97513,Private room,99,3,14,8/19/2015,0.22,1,365
310220,Prime location! Backyard & outdoor shower! Unique!,1590548,Magdalena,"Brooklyn,Greenpoint",40.72668,-73.95762,Private room,149,14,65,12/30/2018,0.73,1,364
310272,"Private Room in Artist's Home, Stapleton, SI",1390555,Jonathan,"Staten Island,Clifton",40.62318,-74.07848,Private room,59,1,50,6/3/2019,0.56,1,352
310325,Large Sunny Bedroom with Bay Window,745069,Kimberly,"Manhattan,Harlem",40.82286,-73.94596,Private room,75,3,33,6/10/2019,0.39,3,301
310338,Harlem/Hamilton Heights Sunny Room,745069,Kimberly,"Manhattan,Harlem",40.82451,-73.94457,Private room,75,3,30,1/1/2019,0.35,3,322
310524,Clinton Hill Duplex near Pratt w/Balcony!,1597481,Mary,"Brooklyn,Bedford-Stuyvesant",40.69348,-73.95927,Private room,75,3,13,1/31/2019,0.15,1,298
310796,"Sunny 1 BR, West 80s & Central Park",1385157,Brian,"Manhattan,Upper West Side",40.78443,-73.97399,Entire home/apt,109,30,18,6/7/2019,0.2,5,285
311003,"2 BD / 2BA WITH GARDEN, SLEEPS 6",72747,Karen,"Brooklyn,Crown Heights",40.67679,-73.95639,Entire home/apt,225,4,1,4/21/2013,0.01,1,342
311343,COMFORTABLE ROOM,1601664,Junior,"Manhattan,East Harlem",40.79107,-73.94381,Private room,86,3,216,5/14/2019,2.44,1,250
311356,Charming Ridgewood Soulful  Walk-Up,142147,Richard,"Queens,Ridgewood",40.70215,-73.91139,Private room,52,2,98,5/1/2019,1.09,1,326
312429,"Comfortable, well-appointed room",1606222,P,"Brooklyn,Prospect Heights",40.67339,-73.96519,Private room,100,2,61,6/2/2019,0.86,1,90
313890,2ND AVENUE OFF HOUSTON/LOFTLIKE STU,1613244,Ariel,"Manhattan,Lower East Side",40.72209,-73.99274,Entire home/apt,99,30,13,4/23/2019,0.34,9,289
314982,Share in NYC's trendy East Village,1617817,Chris,"Manhattan,East Village",40.73171,-73.98717,Private room,89,3,136,7/1/2019,1.52,1,193
316238,Historic Brooklyn 2-Bedroom Apt,279078,Andrew & Markus,"Brooklyn,Bedford-Stuyvesant",40.69213,-73.951,Entire home/apt,135,2,39,6/9/2019,0.47,2,293
317838,APT W/ OUTDOOR SPACE!! LONG TERM RENTAL PREFERRED!,1631400,Sean And Kiana,"Manhattan,West Village",40.73237,-74.00608,Entire home/apt,199,14,65,7/1/2019,0.73,1,155
317905,Come and go as  you please in BKLN!,1631733,Jane,"Brooklyn,Kensington",40.64354,-73.97777,Entire home/apt,89,3,62,1/2/2019,0.71,1,189
318021,Room in Huge 1200sf W Harlem Suite,1632149,Michael,"Manhattan,Harlem",40.80343,-73.9531,Private room,110,3,47,6/30/2019,0.57,1,248
318187,"Huge, Sunny, Open Loft in Brooklyn",1633100,Ana,"Brooklyn,Bushwick",40.70462,-73.9228,Entire home/apt,120,2,42,6/20/2019,0.48,1,238
319724,Cozy Nook in Heart of Williamsburg,1639120,Jason,"Brooklyn,Williamsburg",40.71394,-73.96267,Private room,59,3,207,6/16/2019,2.29,2,284
319798,Peaceful Room...,9647066,Maria Luiza,"Brooklyn,Bay Ridge",40.6339,-74.02035,Private room,49,4,72,7/3/2019,0.81,2,343
319844,Cute Room in Historic Loft!,1639884,Nora,"Brooklyn,Greenpoint",40.73028,-73.95927,Private room,79,14,22,5/2/2019,0.25,1,268
320865,Harlem on the Range,1643782,Katy,"Manhattan,Harlem",40.8076,-73.94433,Entire home/apt,135,30,25,3/31/2019,0.28,1,249
320876,Amazing Park Slope Duplex with Deck,516347,Lillian,"Brooklyn,South Slope",40.66485,-73.98343,Entire home/apt,185,2,215,6/30/2019,2.42,1,291
320877,Entire 2 Bedroom Apartment in Williamsburg,1366194,Fabiana,"Brooklyn,Williamsburg",40.71279,-73.95852,Entire home/apt,225,4,26,6/24/2017,0.73,1,0
321014,Big Bright E Village 2BR (Baby Nursery),1644452,Erin,"Manhattan,Gramercy",40.73294,-73.98282,Entire home/apt,245,5,18,1/2/2018,0.21,1,0
321136,Private Manhattan Studio on Harlem/Heights Border,1644999,Candice,"Manhattan,Washington Heights",40.83456,-73.9457,Entire home/apt,115,3,18,12/31/2018,0.21,1,31
322037,"Luxury Williamsburg, Brooklyn LOFT",1649300,James,"Brooklyn,Williamsburg",40.72091,-73.95814,Entire home/apt,325,2,320,7/7/2019,3.6,1,0
322604,Artist Loft-McCarren Park-Williamsburg-BrooklynNYC,1651591,Todd,"Brooklyn,Williamsburg",40.71819,-73.95414,Private room,95,2,160,7/2/2019,1.8,2,79
322974,Chelsea/Meat Packing  Artist Space!,1610852,Amanda,"Manhattan,West Village",40.73887,-74.00342,Private room,120,2,78,2/8/2019,1.22,1,0
323706,Elegant Spacious Family Townhouse,6064192,Ted And Diane,"Manhattan,Upper West Side",40.77892,-73.98238,Entire home/apt,499,30,64,8/3/2018,0.72,1,157
324115,Large Master Bedroom - Williamsburg,1639120,Jason,"Brooklyn,Williamsburg",40.71336,-73.96192,Private room,75,2,219,6/19/2019,2.44,2,277
324517,Central Park Fifth Av MET Museum,1660724,S,"Manhattan,Upper East Side",40.77688,-73.96177,Private room,109,1,66,12/10/2017,0.94,1,353
324800,Real Williamsburg Artist Loft,1661965,Mathias,"Brooklyn,Williamsburg",40.71368,-73.94478,Entire home/apt,160,3,25,12/22/2018,0.29,1,0
325429,Lovely Upper East Yorkville 1 BDRM,92788,Sara,"Manhattan,Upper East Side",40.7761,-73.95265,Entire home/apt,219,4,102,6/28/2019,1.15,2,280
326832,Cozy Upper East Side Studio,668564,Nitzan,"Manhattan,Upper East Side",40.77471,-73.95574,Entire home/apt,159,2,32,6/23/2019,0.47,1,7
326956,"Large Cozy Room #2, Landmark Home 1 Block to PRATT",51038,Erica,"Brooklyn,Clinton Hill",40.68625,-73.96446,Private room,180,3,15,4/22/2019,0.18,6,266
327521,"Lovely studio in East Village, NY",82896,Esther,"Manhattan,East Village",40.725,-73.98851,Entire home/apt,150,5,1,11/16/2015,0.02,1,0
327778,NYC Summer Discount  1 BR Gramercy Apt,1675255,Jill,"Manhattan,Kips Bay",40.74016,-73.97665,Entire home/apt,106,3,12,6/30/2019,0.14,1,271
328040,"Awesome views, Central location",1676487,Robyn,"Manhattan,Midtown",40.75023,-73.98293,Entire home/apt,299,10,19,6/11/2019,0.27,1,101
328693,Spacious Manhattan Apartment near Central Park,1013131,Joseph,"Manhattan,Upper West Side",40.78867,-73.96809,Entire home/apt,179,3,297,6/24/2019,3.37,1,205
328744,Entire Apt: Sunny 2bd! 15min to NYC,890215,Duane,"Brooklyn,Crown Heights",40.66604,-73.95914,Entire home/apt,165,3,12,7/7/2019,0.13,1,343
329064,Your Historic House in Brooklyn,1680375,Marc,"Brooklyn,Flatbush",40.63593,-73.96076,Entire home/apt,500,4,9,1/2/2017,0.11,1,0
329310,Creative Director's Chinatown Loft,1681546,Todd,"Manhattan,Chinatown",40.71638,-73.99167,Entire home/apt,250,15,9,5/14/2016,0.1,1,190
329385,"HOSTING YOUR COZY,  ECLECTIC MILIEU FOR NYC VISIT",312288,Paula,"Manhattan,Inwood",40.86658,-73.92558,Private room,87,7,46,5/25/2019,0.62,2,310
333189,Charming private room in New-York,1697784,Jonathan,"Brooklyn,Williamsburg",40.71179,-73.96449,Private room,79,4,42,6/24/2019,0.47,2,52
333323,Cozy bedroom near Times Square,1698391,Pat,"Manhattan,Hell's Kitchen",40.76186,-73.99165,Private room,75,2,118,7/1/2019,2.11,3,312
334607,Artist's Flat in Historic Building #10263,52043,Patrick,"Brooklyn,Williamsburg",40.71417,-73.95917,Entire home/apt,200,30,53,5/3/2019,0.6,1,0
334781,Queen size sofa bed in Harlem,547177,Chryslaine,"Manhattan,Harlem",40.82772,-73.93877,Private room,80,1,15,6/24/2019,0.21,1,329
335797,Bklyn 6 Beds 1 Bathroom Rental 2,1709216,Steve And Heather,"Brooklyn,East Flatbush",40.63602,-73.94607,Entire home/apt,115,3,64,5/11/2019,0.72,4,333
335819,Bklyn 4 Beds 1 Bathroom Rental 3,1709216,Steve And Heather,"Brooklyn,East Flatbush",40.63759,-73.9459,Entire home/apt,115,3,51,4/27/2019,0.58,4,327
